Oddle Oddle,,,,,,
Online ordering system for restaurants,,,,,,
Backend/API Software Engineer $36k - $60k,No equity,Full Time,,,,
,,,,,,
Palantir Technologies Palantir Technologies,,,,,,
Deployment Strategist $100k - 150k,No equity,Full Time,,,,
,,,,,,
Zinier Zinier,,,,,,
Front-end Developer $20k - $36k,0.0 - 0.1%,Full Time,Remote OK,,,
,,,,,,
Intelllex Intelllex,,,,,,
Developing an intelligent workspace for lawyers,,,,,,
Software Developer $30k - $60k,0.0 - 0.5%,Full Time,,,,
,,,,,,
Covetella Covetella,,,,,,
Product Manager $30k - $60k,0.0 - 0.1%,Full Time,,,,
,,,,,,
KapeIQ KapeIQ,,,,,,
Blockchain Based Intelligent Fraud Detection,,,,,,
Software Developer $50k - $60k,0.1 - 0.5%,Full Time,,,,
,,,,,,
CloudZen CloudZen,,,,,,
Developing the next generation cloud streaming platform,,,,,,
Senior Backend Developer $3k - $5k,No equity,Full Time,,,,
Cloud Developer $3k - $5k,No equity,Full Time,,,,
Video Streaming Engineer $5k - $7k,No equity,Full Time,,,,
and 1 more,,,,,,
,,,,,,
Cialfo - University Admissions Platform Cialfo - University Admissions Platform,,,,,,
Democratizing tertiary education by making college applications simple and efficient.,,,,,,
Senior Product Engineer (Full Stack,Ruby on Rails,AngularJS) $60k - $90k,1.0 - 3.0%,Full Time,,
Lead Product Engineer (Ruby on Rails) $85k - $110k,1.0 - 3.0%,Full Time,,,,
,,,,,,
RedMart RedMart,,,,,,
SE Asia's Customer-Centric Online Grocer,,,,,,
Senior Software Engineer $45k - $90k,No equity,Full Time,,,,
Front End Engineer ₹10k - ₹20k,No equity,Full Time,,,,
,,,,,,
ReferralCandy ReferralCandy,,,,,,
Customer referral platform used by global big brand retailers,,,,,,
Mid/Senior Fullstack Engineer $50k - $100k,0.0 - 0.9%,Full Time,,,,
Mid-Level Frontend Engineer $50k - $100k,0.0 - 0.5%,Full Time,,,,
Junior Front-end Engineer $32k - $50k,0.0 - 0.2%,Full Time,,,,
and 4 more,,,,,,
,,,,,,
Caregiver Asia Caregiver Asia,,,,,,
Global online caregiving marketplace.,,,,,,
Front-End Designer/Developer $40k - $100k,1.0 - 2.0%,Full Time,Remote OK,,,
,,,,,,
Blue Pool Blue Pool,,,,,,
Algorithmic Sales,,,,,,
Research Fellow [SUTD] (Mandarin based Text Mining) $60k - $70k,No equity,Full Time,,,,
,,,,,,
WOOFR WOOFR,,,,,,
WOOFR - The Passport To Your Nightlife,,,,,,
Full-Stack Developer $30k - $48k,0.1 - 0.5%,Full Time,,,,
Full Stack Developer No equity,Internship,,,,,
,,,,,,
KeyReply (AngelPad #10,S2016) KeyReply (AngelPad #10,S2016),,,,
Applied AI for insights,automated with bots,,,,,
Software Engineer $48k - $60k,0.2 - 0.4%,Full Time,,,,
,,,,,,
Mobile Market Monitor Mobile Market Monitor,,,,,,
The next generation approach for travel and activity surveys,,,,,,
Software Engineer $40k - $70k,0.0 - 3.0%,Full Time,Remote OK,,,
Data Engineer $40k - $70k,No equity,Full Time,,,,
iOS and Android Mobile App Developer $40k - $70k,No equity,Full Time,Remote OK,,,
,,,,,,
Wavecell Wavecell,,,,,,
Cloud Communication APIs,,,,,,
Engineering – Full Stack Engineer - Singapore $24k - $70k,0.0 - 0.2%,Full Time,,,,
Engineering - Software Engineer .NET / C# - Singapore $24k - $72k,0.0 - 0.2%,Full Time,,,,
Marketing - Online Product Manager $12k - $60k,0.0 - 0.1%,Full Time,Remote OK,,,
and 1 more,,,,,,
Vietnam 11-50 employees,,,,,,
,,,,,,
End-to-End Electronic Medical Record Solution,,,,,,
Software Engineer $3k - $5k,No equity,Full Time,,,,
,,,,,,
Grab Grab,,,,,,
Grab is Southeast Asia's leading ride-hailing and mobile payments platform,,,,,,
Engineering Manager $100k - $150k,0.1 - 0.4%,Full Time,,,,
Director of Engineering (Payments & Pricing) $100k - $150k,0.1 - 0.4%,Full Time,,,,
,,,,,,
SmartFunding Pte. Ltd. SmartFunding Pte. Ltd.,,,,,,
P2B Financing Platform - Looking for interns!,,,,,,
Software development and Marketing Interns $8k - $12k,No equity,Internship,,,,
,,,,,,
Corporate360 Corporate360,,,,,,
B2B Marketing Data Cloud Company,,,,,,
Web Crawl Developer / Scrapy Developer $2k - $4k,0.01 - 0.1%,Full Time,,,,
Data Engineer $2k - $4k,0.01 - 0.1%,Full Time,,,,
Senior Java Developer $2k - $4k,0.01 - 0.1%,Full Time,,,,
and 6 more,,,,,,
,,,,,,
RAYDAR RAYDAR,,,,,,
The Fastest Way to Find Stock Photos.,,,,,,
Software Engineer,Machine Learning/NLP $60k - $100k,0.1 - 1.0%,Full Time,,,
,,,,,,
Spiking Spiking,,,,,,
Verified Social Trading,,,,,,
Software Engineer (Data Scientist) $30k - $50k,0.05 - 0.5%,Full Time,,,,
Software Engineer,Full Stack $30k - $50k,0.05 - 0.5%,Full Time,,,
Software Engineer,Mobile Applications (iOS) $30k - $50k,0.05 - 0.5%,Full Time,,,
and 7 more,,,,,,
,,,,,,
Grain Grain,,,,,,
Building the world's biggest moving restaurant,,,,,,
Full-stack Rails Engineer $50k - $80k,0.5 - 1.0%,Full Time,,,,
Senior Full-stack Rails Engineer $70k - $100k,0.75 - 2.5%,Full Time,,,,
,,,,,,
Popsical Popsical,,,,,,
We are building an incredible Karaoke experience,,,,,,
Android Software Engineer $36k - $60k,0.1 - 1.0%,Full Time,,,,
,,,,,,
Tri-Niche Tri-Niche,,,,,,
Inspiring Social Awareness Through IT,,,,,,
Backend Web Developer $30k - $48k,No equity,Contract,,,,
,,,,,,
Ninja Van Ninja Van,,,,,,
Cutting-edge logistics for e-commerce,,,,,,
Software Engineer $40k - $60k,0.0 - 0.1%,Full Time,,,,
Engineering Manager in QA $70k - $100k,0.0 - 0.1%,Full Time,,,,
Lead Software Engineer $70k - $120k,0.0 - 0.1%,Full Time,,,,
and 6 more,,,,,,
,,,,,,
Glints Glints,,,,,,
Do what you love - a career discovery and development platform,,,,,,
#showmethecode $3k - $6k,0.01 - 0.05%,Full Time,,,,
,,,,,,
enaDesk,,,,,,
enaDesk,,,,,,
Contextual Helpdesk that Automates Problem Solving,,,,,,
Senior Full Stack Web Developer $59k - $78k,0.5 - 5.0%,Full Time,,,,
,,,,,,
Aureso Aureso,,,,,,
Automotive Retail Solutions,,,,,,
Full Stack Ruby on Rails Developer $80k - $120k,No equity,Full Time,,,,
Junior Ruby on Rails Intern $24k - $24k,No equity,Internship,,,,
Junior Ruby on Rails $30k - $60k,No equity,Full Time,,,,
and 1 more,,,,,,
,,,,,,
Gimmie Gimmie,,,,,,
Gamification & Loyalty Solutions Provider,,,,,,
Director Engineering (DevOps,backend dev,Scrum Master/Team Lead) $48k - $60k,0.0 - 0.5%,Full Time,Remote OK,
,,,,,,
Otonomos Otonomos,,,,,,
A simpler way to incorporate your company,manage your shareholders and govern your board.,,,,,
Cutting Edge Blockchain Smart Contract Developer (Ethereum) $48k - $96k,0.25 - 0.5%,Full Time,,,,
Front-End Engineer with Javascript Experience $30k - $50k,No equity,Full Time,,,,
,,,,,,
CusJo CusJo,,,,,,
Your Customers' Journey Analytics Platform,,,,,,
Data Scientist $60k - $120k,0.1 - 1.0%,Full Time,,,,
Backend Developer $40k - $60k,0.1 - 3.0%,Full Time,,,,
Frontend Developer $40k - $60k,0.1 - 3.0%,Full Time,,,,
and 1 more,,,,,,
,,,,,,
IlmuOne Data IlmuOne Data,,,,,,
We are an independent data analytics consultancy,,,,,,
Junior/Senior Web Developer $10k - $30k,No equity,Full Time,,,,
Mobile Apps Developer $10k - $30k,No equity,Full Time,,,,
,,,,,,
VersaFleet VersaFleet,,,,,,
We simplify logistics operation,,,,,,
Full Stack Developer $40k - $45k,0.0 - 1.0%,Full Time,,,,
,,,,,,
Xvolve Group Xvolve Group,,,,,,
Social Web & Mobile App Startup Seeking Core Team Members,,,,,,
Full-stack mobile developer WANTED!! (Up to $2500) (HCMC) $12k - $30k,No equity,Full Time,,,,
,,,,,,
Dgraph Labs Dgraph Labs,,,,,,
Open source native graph database,,,,,,
Backend Engineer $141k - $183k,0.4 - 1.0%,Full Time,,,,
,,,,,,
Bondlinc Bondlinc,,,,,,
Fixed Income Research Portal,,,,,,
Application Developer $40k - $70k,No equity,Full Time,,,,
Senior Full Stack Developer & Technology Lead $90k - $140k,0.0 - 0.5%,Full Time,,,,
Back-End Application Developer $70k - $100k,No equity,Full Time,,,,
and 1 more,,,,,,
,,,,,,
TradeGecko TradeGecko,,,,,,
Helping Entrepreneurs Build Amazing Commerce Brands,,,,,,
Ruby/Rails Developer $40k - $100k,0.0 - 0.2%,Full Time,,,,
Front-End Engineer $40k - $100k,0.0 - 0.2%,Full Time,,,,
,,,,,,
First Code Academy First Code Academy,,,,,,
Teach coding,computational thinking and entrepreneurship to kids from 6-18 years old,,,,,
STEM (Science,Technology,Engineering,Mathematics) Course Instructor $30k - $55k,0.1 - 0.2%,Full Time,
,,,,,,
Coinhako Coinhako,,,,,,
Easiest way to buy,sell and secure digital assets in Asia.,,,,,
Fullstack Developer $80k - $110k,1.0 - 2.0%,Full Time,,,,
Senior Ruby on Rails Engineer $45k - $55k,0.5 - 1.5%,Full Time,,,,
,,,,,,
SliceBread SliceBread,,,,,,
Rapid Prototyping & Validation,,,,,,
Full-Stack Developer $50k - $70k,2.0 - 5.0%,Full Time,,,,
,,,,,,
Weinvest Weinvest,,,,,,
A digital personal finance assistant for affluent investors,,,,,,
Director of Product Management @ trackwealth.com $8k - $12k,0.25 - 1.0%,Full Time,,,,
,,,,,,
Weeloy - Singapore Weeloy - Singapore,,,,,,
BtoBtoC for F&B with gamification,,,,,,
Senior Software Engineer $6k - $8k,0.1 - 0.5%,Full Time,,,,
,,,,,,
CardUp CardUp,,,,,,
Big Payments,Made Rewarding,,,,,
Lead web developer $30k - $50k,0.0 - 0.5%,Full Time,,,,
,,,,,,
Superble Superble,,,,,,
Chat based discovery platform,,,,,,
CTO $1k - $3k,5.0 - 20.0%,Cofounder,,,,
,,,,,,
Smartfuture Smartfuture,,,,,,
IoT startup focusing on security,,,,,,
Product Manager $36k - $84k,0.0 - 1.0%,Full Time,,,,
,,,,,,
AIPioneer.com AIPioneer.com,,,,,,
A chatbot engine based on cutting-edge technology,,,,,,
UI/Front-end Engineer,Product Manager 5.0 - 20.0%,Cofounder,Remote OK,,,
,,,,,,
imSold! imSold!,,,,,,
Social marketplace for preloved goods,,,,,,
Backend Development Engineer $0k - $10k,No equity,Full Time,,,,
Senior Product Manager / Product Lead $0k - $10k,No equity,Full Time,,,,
DevOps Engineer $0k - $20k,No equity,Full Time,,,,
and 1 more,,,,,,
,,,,,,
Capital Match Capital Match,,,,,,
Peer-to-peer lending online marketplace to SMEs in Singapore / Southeast Asia,,,,,,
Head of Data Science $60k - $120k,0.5 - 1.5%,Full Time,,,,
,,,,,,
Wantedly Singapore Wantedly Singapore,,,,,,
We're connecting talented people with amazing teams.,,,,,,
Full Stack Developer $30k - $80k,0.0 - 4.0%,Full Time,,,,
Mobile Developer $30k - $100k,0.0 - 4.0%,Full Time,,,,
Web Developer $30k - $100k,0.0 - 4.0%,Full Time,,,,
and 3 more,,,,,,
,,,,,,
Vanitee Vanitee,,,,,,
AirBNB for beauty services,,,,,,
Full Stack Developer $40k - $60k,0.1 - 2.0%,Full Time,,,,
Senior iOS Engineer $36k - $60k,0.1 - 1.0%,Full Time,,,,
,,,,,,
DataStreamX DataStreamX,,,,,,
DataStreamX is marketplace for real time data,,,,,,
Head of Technology and Data Science $84k - $120k,0.5 - 2.0%,Full Time,,,,
,,,,,,
Acalution Acalution,,,,,,
Be A Key Member Of A Boutique Management Consultancy,,,,,,
Web / Mobile Application Developer $50k - $70k,No equity,Full Time,,,,
SENIOR FULL STACK DEVELOPER & TECHNOLOGY LEAD $120k - $140k,No equity,Full Time,,,,
,,,,,,
Global Alternatives Global Alternatives,,,,,,
Global primary and secondary markets for private securities,,,,,,
Front-End Developer - Trading $1k - $1k,1.0 - 1.0%,Cofounder,Remote OK,,,
,,,,,,
GOtixs GOtixs,,,,,,
Dynamic Pricing for Event Ticketing,,,,,,
Java Software Engineer $32k - $48k,No equity,Full Time,,,,
,,,,,,
Tripnatics Tripnatics,,,,,,
Best platform to create an awesome itinerary,,,,,,
Chief Engineer 5.0 - 8.0%,Cofounder,,,,,
Looking for a passionate Technopreneur 15.0 - 30.0%,Cofounder,,,,,
,,,,,,
Flying Chalks Flying Chalks,,,,,,
Overseas studies community,,,,,,
PHP Developer $30k - $40k,5.0 - 10.0%,Full Time,,,,
,,,,,,
slyk slyk,,,,,,
Premium Fashion Discovery,Strong team (ex Lazada,OLX,Naspers,Google,INSEAD,LBS)
iOS Engineer ₹500k - ₹1200k,0.0 - 1.0%,Full Time,,,,
Backend Engineer / Technical Architect ₹600k - ₹1500k,0.0 - 1.0%,Full Time,,,,
Data Engineer $500k - $500k,No equity,Contract,Remote OK,,,
,,,,,,
Carousell Carousell,,,,,,
Classifieds 3.0. Mobile-first. Enabling 400M mobile users in Southeast Asia.,,,,,,
Software Engineer,Backend $30k - $50k,0.05 - 0.5%,Full Time,,,
Software Engineer,Android $30k - $50k,0.05 - 0.5%,Full Time,,,
Software Engineer,iOS $30k - $50k,0.05 - 0.5%,Full Time,,,
and 2 more,,,,,,
,,,,,,
Digitively Digitively,,,,,,
World Class Software Development,,,,,,
Backend Developer $36k - $40k,0.0 - 5.0%,Full Time,,,,
,,,,,,
Crowdo Crowdo,,,,,,
Asia FinTech - P2P Lending / Equity & Securities Crowdfunding,,,,,,
Singapore - Ruby on Rails Junior Web Developer $3k - $4k,No equity,Full Time,,,,
Jakarta City 1-10 employees,,,,,,
,,,,,,
OCaml Backend Developer $100k - $200k,No equity,Full Time,,,,
Scrupulous Frontend Developer $80k - $160k,No equity,Full Time,,,,
PHP Developer $80k - $160k,No equity,Full Time,,,,
,,,,,,
Cloudaron Cloudaron,,,,,,
Cloud solutions for Government,Large Enterprise and Education clients,,,,,
Solutions Consultant $60k - $70k,No equity,Full Time,,,,
,,,,,,
Monstar Lab Monstar Lab,,,,,,
Web & mobile app developer,,,,,,
Mobile developer $56k - $84k,0.0 - 1.0%,Full Time,,,,
,,,,,,
Metisa Metisa,,,,,,
Predictive Marketing for eCommerce,,,,,,
Data/Software Engineer $25k - $50k,0.0 - 1.0%,Full Time,,,,
,,,,,,
Smartkarma Smartkarma,,,,,,
Intelligent Investing,,,,,,
Frontend Developer (Ember.js) $36k - $60k,0.1 - 1.0%,Full Time,,,,
,,,,,,
eigencat eigencat,,,,,,
Digital investment solutions,,,,,,
System Architect $48k - $60k,0.25 - 1.0%,Full Time,Remote OK,,,
,,,,,,
HUS Unmanned Systems HUS Unmanned Systems,,,,,,
Integrating drones into the IoT.,,,,,,
Full Stack Developer $45k - $80k,0.1 - 0.5%,Full Time,,,,
Computer Engineer – Embedded Systems $45k - $80k,0.1 - 0.5%,Full Time,,,,
,,,,,,
Fast Edge Fast Edge,,,,,,
software development,,,,,,
Front End Software Developer (JavaScript,HTML5,CSS) $2k - $3k,0.1 - 0.1%,Full Time,,
,,,,,,
POPETY.COM POPETY.COM,,,,,,
POPETY.com has been founded to shape the future of property management,,,,,,
Production Manager - Full Stack - Architect $60k - $90k,0.0 - 1.0%,Full Time,,,,
,,,,,,
Smartfolios Smartfolios,,,,,,
empowering investors,,,,,,
Fintech startup - Internship JavaScript Developer $0k - $20k,No equity,Internship,,,,
,,,,,,
MMO Mobile Games Studio MMO Mobile Games Studio,,,,,,
mobile game development,,,,,,
Mobile game front-end developer 10.0 - 20.0%,Cofounder,Remote OK,,,,
Mobile game front end main developer 15.0 - 25.0%,Cofounder,Remote OK,,,,
,,,,,,
Glints Glints,,,,,,
Massive Open Online Career Development: LinkedIn for Youths,,,,,,
Javascript Developer $3k - $4k,0.1 - 0.1%,Full Time,Remote OK,,,
,,,,,,
Orient Orient,,,,,,
Human Resource Information,,,,,,
Javascript Developer $1k - $2k,0.1 - 0.1%,Full Time,Remote OK,,,
,,,,,,
Jublia Jublia,,,,,,
Intelligent business matching with data analytics,,,,,,
Backend Engineer $30k - $80k,No equity,Full Time,Remote OK,,,
,,,,,,
Ematic Ematic,,,,,,
Email Marketing AI for E-Commerce,,,,,,
Full Stack Developer $80k - $100k,No equity,Full Time,Remote OK,,,
,,,,,,
Active8me,,,,,,
Digital health and fitness in Asia,,,,,,
Technical Team Lead,Mobile Application Development $50k - $150k,1.0 - 10.0%,Full Time,,,
,,,,,,
Saaragh Technologies Saaragh Technologies,,,,,,
Saaragh Technologies is a Product & Engineering & IT Consulting company.,,,,,,
Technical Co-Founder $36k - $48k,5.0 - 20.0%,Cofounder,,,,
,,,,,,
Zifsoft Zifsoft,,,,,,
Software Programmer $2k - $3k,1.0 - 10.0%,Full Time,Remote OK,,,
,,,,,,
Apps Authority Company Apps Authority Company,,,,,,
Apps Authority is a digital transformation e-commerce company,,,,,,
eCommerce Mobile Apps developer $2k - $4k,1.0 - 4.0%,Internship,Remote OK,,,
eCommerce PHP & HTML5 Server Programmer $1k - $2k,1.0 - 4.0%,Internship,,,,
eCommerce Mobile Apps developer $2k - $3k,No equity,Contract,,,,
,,,,,,
Travelingo Travelingo,,,,,,
Language Learning Incentive Platform,,,,,,
Co-Founder,Technology 20.0 - 35.0%,Cofounder,Remote OK,,,
,,,,,,
Altitude Labs Altitude Labs,,,,,,
A data-driven software consultancy,,,,,,
Software Engineer (Web) $25k - $50k,0.0 - 1.0%,Full Time,Remote OK,,,
Software Engineer (iOS) $25k - $50k,0.0 - 1.0%,Full Time,,,,
Software Engineer (Android) $25k - $50k,0.0 - 1.0%,Full Time,,,,
,,,,,,
99.co 99.co,,,,,,
Smart property search for Singapore,,,,,,
Senior/Junior iOS Engineer $24k - $60k,0.0 - 0.5%,Full Time,,,,
Senior/Junior Android Developer $24k - $60k,0.0 - 0.5%,Full Time,,,,
Backend Engineer $36k - $80k,0.0 - 0.5%,Full Time,,,,
and 1 more,,,,,,
,,,,,,
StyleTribute StyleTribute,,,,,,
Luxury Fashion Marketplace (eBay meets Net-a-porter),,,,,,
Software Engineer #2 $42k - $60k,0.0 - 2.0%,Full Time,,,,
,,,,,,
Browzzin Browzzin,,,,,,
Influencer-driven shopping platform for online and offline,,,,,,
Computer Vision Engineer $60k - $100k,1.0 - 3.0%,Full Time,,,,
Frontend Developer $50k - $70k,0.5 - 1.0%,Full Time,,,,
,,,,,,
KAIJA KAIJA,,,,,,
Condo Management System,,,,,,
CTO $1k - $4k,5.0 - 20.0%,Cofounder,,,,
,,,,,,
PolicyPal PolicyPal,,,,,,
PolicyPal is the digital insurance manager for millennials.,,,,,,
Full Stack Developer $30k - $60k,1.0 - 5.0%,Full Time,,,,
Mobile Developer $30k - $45k,0.05 - 1.0%,Full Time,,,,
Web Developer $30k - $45k,0.05 - 1.0%,Full Time,,,,
,,,,,,
Quandoo Quandoo,,,,,,
Digitalising restaurant inventory accessibility,,,,,,
Web Developer $2k - $4k,No equity,Full Time,,,,
,,,,,,
Sqkii Sqkii,,,,,,
Love giving.,,,,,,
Developer ( MEAN / iOS ) $21k - $42k,No equity,Full Time,,,,
,,,,,,
Spare Parts 3D Spare Parts 3D,,,,,,
Production of spare parts for home appliance industry by 3D printing,,,,,,
Software Engineer $40k - $50k,0.0 - 1.0%,Full Time,,,,
,,,,,,
HackerTrail HackerTrail,,,,,,
Connecting technologists and employers,,,,,,
Junior Frontend Hacker $24k - $30k,0.1 - 0.5%,Full Time,,,,
,,,,,,
MM Marketing MM Marketing,,,,,,
Integrated Marketing Services,,,,,,
Frontend Developer $3k - $4k,0.1 - 0.1%,Full Time,,,,
,,,,,,
Tech in Asia Tech in Asia,,,,,,
Asia's Tech News for the World,,,,,,
iOS Engineer $48k - $72k,0.05 - 0.1%,Full Time,,,,
Product Manager (Media) $40k - $68k,0.05 - 0.1%,Full Time,,,,
Data Scientist $50k - $66k,0.05 - 0.1%,Full Time,,,,
,,,,,,
ThunderQuote ThunderQuote,,,,,,
B2B Services Matching Platform,,,,,,
Front-end Coding Intern No equity,Internship,,,,,
,,,,,,
EMERGE App EMERGE App,,,,,,
Integrated backend operation system for multiple sales channel,,,,,,
Senior Engineer $24k - $36k,1.0 - 3.0%,Full Time,,,,
Chief Engineer $30k - $40k,8.0 - 15.0%,Full Time,,,,
VP,Product / CPO $2k - $3k,5.0 - 10.0%,Cofounder,,,
,,,,,,
Springloaded Springloaded,,,,,,
Build an innovative social gaming platform for users to express themselves creatively,,,,,,
Programmer $36k - $72k,No equity,Full Time,,,,
,,,,,,
PlusMargin PlusMargin,,,,,,
Persuasion automation solution that helps e-commerce merchants increase their online sales,,,,,,
Lead Full-Stack Developer $8k - $12k,0.1 - 0.3%,Full Time,,,,
Senior Application Engineer $6k - $10k,0.1 - 0.3%,Full Time,,,,
,,,,,,
TheLorry TheLorry,,,,,,
On-demand Logistics,,,,,,
Country Manager (Singapore) $34k - $44k,0.1 - 0.5%,Full Time,,,,
,,,,,,
Baklavva.co Baklavva.co,,,,,,
Mobile Developer,iOS $0k - $75k,2.0 - 3.0%,Cofounder,Remote OK,,
,,,,,,
Team Work Team Work,,,,,,
Communication and MArketing,,,,,,
Javascript Developer $3k - $4k,0.1 - 0.1%,Full Time,Remote OK,,,
,,,,,,
MoneySmart.sg MoneySmart.sg,,,,,,
Singapore's #1 Personal Finance Comparison Site,,,,,,
VP Product $120k - $200k,0.0 - 1.0%,Full Time,,,,
,,,,,,
EdgeBotix EdgeBotix,,,,,,
Educational Robots,,,,,,
Product Designer $0k - $1k,No equity,Internship,,,,
,,,,,,
TAKEASY CORPORATION PTE.LTD TAKEASY CORPORATION PTE.LTD,,,,,,
Local Expert Social Q&A,,,,,,
Co-founder $12k - $15k,10.0 - 15.0%,Cofounder,,,,
,,,,,,
ARTO Gallery ARTO Gallery,,,,,,
Python Developer $75k - $110k,0.0 - 1.0%,Full Time,,,,
iOS Developer $40k - $65k,0.5 - 2.0%,Full Time,,,,
,,,,,,
Digital Billions Digital Billions,,,,,,
Innovation,empowerment,growth,,,,
JavaScript Engineer $48k - $84k,0.0 - 0.5%,Full Time,Remote OK,,,
,,,,,,
Trabeller Co. Trabeller Co.,,,,,,
Travel Planner,itinerary building platform,,,,,
Front-end developer 10.0 - 15.0%,Cofounder,Remote OK,,,,
,,,,,,
Xfers Xfers,,,,,,
Internet Banking Payment System,,,,,,
Android Engineer $40k - $100k,0.1 - 0.5%,Full Time,,,,
Software Engineer $40k - $100k,0.1 - 0.5%,Full Time,,,,
,,,,,,
Think Tank Thunk Think Tank Thunk,,,,,,
The Anonymous Social Media Platform where Reputation Is Assessed,,,,,,
Software Engineer $0k - $25k,40.0 - 50.0%,Cofounder,,,,
,,,,,,
fybsg fybsg,,,,,,
Enterpreneuship E-commerce,,,,,,
Data Entry Clerk $26k - $34k,11.0 - 15.0%,Full Time,,,,
,,,,,,
Wander Wander,,,,,,
Slack for Everyday People,,,,,,
Senior Android Mobile Engineer,,,,,,
Wander $36k - $72k,0.0 - 3.0%,Full Time,,,,
,,,,,,
FINQUEST FINQUEST,,,,,,
Global platform for mid-market direct investment and M&A in the Asia-Pacific region,,,,,,
DATA EXPERT $3k - $6k,0.1 - 0.4%,Full Time,,,,
,,,,,,
NetVirta NetVirta,,,,,,
Accurate 3D made simple,,,,,,
Computer Vision Scientist $50k - $150k,0.1 - 1.0%,Full Time,,,,
Computer Graphics Scientist $50k - $150k,0.1 - 1.0%,Full Time,,,,
iOS Developer $50k - $150k,0.1 - 1.0%,Full Time,,,,
,,,,,,
Konbini Vending & Automation Konbini Vending & Automation,,,,,,
Creating intelligent automated machines to solve business problems,,,,,,
Technical Lead- Senior Software Engineer $50k - $72k,0.0 - 2.0%,Full Time,,,,
,,,,,,
Glorgo Glorgo,,,,,,
On-demand home services,,,,,,
Lead Backend Developer $54k - $84k,No equity,Full Time,,,,
,,,,,,
UEX UEX,,,,,,
Online Customizable Health Insurance,,,,,,
Lead developer,webAPP,Insurtech,Singapore $6k - $10k,No equity,Full Time,
,,,,,,
OWLOUT OWLOUT,,,,,,
A Yelp for Venue Promoters,,,,,,
Full Stack Developer 2.0 - 5.0%,Cofounder,Remote OK,,,,
,,,,,,
Maritime Technologies (R&D) Maritime Technologies (R&D),,,,,,
Online B2B platform for liquid bulk shipping services & markets,,,,,,
Frontend Developer $42k - $54k,No equity,Full Time,,,,
Data Analyst $35k - $50k,No equity,Full Time,,,,
Software Developer $30k - $40k,No equity,Full Time,,,,
,,,,,,
CipherBoard CipherBoard,,,,,,
Lead Android $50k - $100k,No equity,Contract,Remote OK,,,
Lead iOS $50k - $100k,No equity,Contract,Remote OK,,,
,,,,,,
ReFUEL4 ReFUEL4,,,,,,
Data Driven Ad Design,,,,,,
Full Stack Engineer $50k - $85k,0.01 - 0.1%,Full Time,,,,
Backend Architect $70k - $100k,0.01 - 0.1%,Full Time,,,,
,,,,,,
ShakaPass ShakaPass,,,,,,
Your City. Your Playground.,,,,,,
CTO,Full-Stack Developer 5.0 - 20.0%,Cofounder,,,,
,,,,,,
SHOPANDBOX SHOPANDBOX,,,,,,
Global Peer-to-Peer Personal Shopping,,,,,,
Senior Software Engineer $40k - $50k,1.0 - 5.0%,Full Time,Remote OK,,,
,,,,,,
Play2Lead Play2Lead,,,,,,
Gamified Mobile + VR Corporate Training,,,,,,
CTO - Singapore or Sydney based $60k - $80k,1.0 - 3.0%,Full Time,,,,
Lead Developer - Singapore $35k - $50k,0.75 - 1.5%,Full Time,,,,
,,,,,,
Zureli Zureli,,,,,,
World Eco Network,,,,,,
CTO $1k - $4k,1.0 - 10.0%,Full Time,,,,
,,,,,,
Learn 2 Code Learn 2 Code,,,,,,
Create Anything with Code,,,,,,
Marketing and Technology Role $1k - $2k,No equity,Internship,,,,
,,,,,,
Deepo Deepo,,,,,,
AI uses machine learning to make content go viral,,,,,,
Data Engineer $5k - $40k,1.0 - 3.0%,Full Time,Remote OK,,,
,,,,,,
IHEARTCITY IHEARTCITY,,,,,,
Mapping for City Social Connection,,,,,,
Front-End Developer-UI UX Designer $24k - $36k,0.1 - 5.0%,Full Time,Remote OK,,,
,,,,,,
Upscore Upscore,,,,,,
Helping students to ace their exams.,,,,,,
Software engineer $1k - $1k,5.0 - 15.0%,Cofounder,Remote OK,,,
,,,,,,
Igloohome Igloohome,,,,,,
Smart Things for the Hospitality Industry,,,,,,
Hospitality Manager $30k - $50k,0.01 - 0.5%,Full Time,,,,
,,,,,,
Advocado Advocado,,,,,,
Cloud Loyalty Software that generates real cashflow,,,,,,
Senior Software Developer $40k - $60k,0.5 - 1.0%,Full Time,,,,
,,,,,,
FONDLY FONDLY,,,,,,
Fashion & Lifestyle E-commerce Marketplace,,,,,,
Business Development - Korean/Korea 1.0 - 5.0%,Cofounder,Remote OK,,,,
,,,,,,
Laku6 Laku6,,,,,,
Helping the Emerging Middle Class upgrade their lives and homes,,,,,,
Affordable Prices,,,,,,
Software/Web application Engineer $30k - $54k,No equity,Full Time,,,,
,,,,,,
Fuss Fuss,,,,,,
Singapore's leading booking platform for home cleaning services,,,,,,
Business Development Intern $1k - $1k,No equity,Contract,Remote OK,,,
Full-Stack Web Developer $3k - $3k,No equity,Full Time,Remote OK,,,
,,,,,,
Yathit Yathit,,,,,,
Bring your SugarCRM into your Gmail inbox,,,,,,
Product Manager $0k - $90k,2.0 - 6.0%,Cofounder,Remote OK,,,
,,,,,,
maomao.rocks maomao.rocks,,,,,,
Reinventing Google,,,,,,
CTO $60k - $60k,5.0 - 10.0%,Cofounder,Remote OK,,,
JavaScript / node.js / browser extension - software developer $36k - $56k,2.0 - 10.0%,Full Time,Remote OK,,,
,,,,,,
Matchapreneur Matchapreneur,,,,,,
Speed Dating for Entrepreneurs,,,,,,
Co-Founder/Developer/Designer $12k - $12k,3.0 - 10.0%,Cofounder,,,,
,,,,,,
Smartly - Investing that makes sense Smartly - Investing that makes sense,,,,,,
Micro investing for Southeast Asia,,,,,,
CTO $50k - $60k,0.0 - 10.0%,Full Time,,,,
,,,,,,
CXA Group CXA Group,,,,,,
Asia's first Insurance & Wellness Marketplace,,,,,,
Web Developer $45k - $60k,0.1 - 0.125%,Full Time,,,,
QA Engineer $88k - $110k,0.05 - 0.1%,Full Time,,,,
Senior Data Scientist (PhD) $150k - $180k,0.0 - 0.1%,Full Time,,,,
,,,,,,
FreightKart FreightKart,,,,,,
Expedia for Freight Management,,,,,,
Full Stack Developer $12k - $18k,0.5 - 1.5%,Full Time,,,,
,,,,,,
ZUMATA Technologies ZUMATA Technologies,,,,,,
Hotel Distribution API - Artificial Intelligence Travel Technology - 500,000 Hotels,,,,,
Back-end Software Engineer $48k - $96k,0.1 - 0.25%,Full Time,,,,
Front-end Developer/Designer/UI $36k - $72k,0.1 - 0.25%,Full Time,,,,
,,,,,,
SekolahSG SekolahSG,,,,,,
One-stop platform for Indonesians who want to study in Singapore.,,,,,,
Lead Developer $42k - $54k,No equity,Full Time,,,,
,,,,,,
ProQod ProQod,,,,,,
A cloud service to facility programming classes for tertiary institutes,,,,,,
Software engineer $2k - $4k,0.0 - 5.0%,Full Time,Remote OK,,,
,,,,,,
Tanil AI Tanil AI,,,,,,
AI powered BOT for HR Teams,,,,,,
Lead Software Engineer - Artificial Intelligence $100k - $140k,No equity,Full Time,Remote OK,,,
,,,,,,
Serbisyo.com Serbisyo.com,,,,,,
First in the market,a classified ads exclusive for Services,,,,,
Business Development 5.0 - 15.0%,Cofounder,Remote OK,,,,
,,,,,,
EDNA EDNA,,,,,,
Data Aggregator,,,,,,
CTO / Senior Software Engineer $80k - $150k,1.0 - 2.5%,Full Time,,,,
,,,,,,
Sence Sence,,,,,,
google analytics for brick-and-mortar outlets,,,,,,
Technology Engineer $42k - $96k,0.0 - 3.0%,Full Time,,,,
,,,,,,
Oangle Design Oangle Design,,,,,,
We Create,We Build. Design is our Passion,,,,,
Web Developer Internship $4k - $7k,No equity,Internship,,,,
,,,,,,
eWise eWise,,,,,,
Leading Fintech in Personal Finances,,,,,,
Software Engineer $20k - $40k,No equity,Full Time,,,,
,,,,,,
No Limit No Limit,,,,,,
TBA,,,,,,
Fullstack Javascript performer needed (nodeJS/MongoDB/Angular/React) $10k - $45k,20.0 - 25.0%,Cofounder,Remote OK,,,
,,,,,,
EngageRocket.co EngageRocket.co,,,,,,
We turn employee feedback into management insights with people analytics,,,,,,
Senior Engineer (Full-Stack) $4k - $8k,No equity,Full Time,Remote OK,,,
,,,,,,
OTDocs (Open Trade Docs) OTDocs (Open Trade Docs),,,,,,
Blockchain Document Management for Supply Chain and Trade Finance,,,,,,
Blockchain Developer $36k - $72k,0.1 - 0.5%,Full Time,Remote OK,,,
JavaScript Developer $36k - $60k,0.1 - 0.5%,Full Time,Remote OK,,,
,,,,,,
Asia Fusion Technology Asia Fusion Technology,,,,,,
Enterprise level online gaming platform,,,,,,
Front-end Developer $30k - $60k,No equity,Full Time,,,,
Software Engineer $30k - $96k,No equity,Full Time,,,,
,,,,,,
Velocity S.A. Velocity S.A.,,,,,,
Facebook for Youtube,,,,,,
Front End Developper $2k - $5k,2.0 - 5.0%,Full Time,Remote OK,,,
,,,,,,
Moenia Partners Moenia Partners,,,,,,
Property Crowdfunding Related,,,,,,
Co-Founder - Singapore $1k - $2k,1.0 - 7.0%,Cofounder,Remote OK,,,
,,,,,,
Perx Technology Perx Technology,,,,,,
Predictive Mobile Customer Engagement & Loyalty Platform,,,,,,
Senior Lead Android Developer $50k - $100k,No equity,Full Time,,,,
quickly,,,,,,
,,,,,,
Creating functional living spaces for urbanites by offering on demand storage,,,,,,
Tech Intern No equity,Internship,,,,,
,,,,,,
LeadIQ LeadIQ,,,,,,
Automating Sales Prospecting.,,,,,,
Javascript/Frontend Engineer $48k - $78k,0.5 - 1.0%,Full Time,,,,
Scala Developer in Singapore $54k - $72k,0.1 - 0.25%,Full Time,,,,
,,,,,,
medXcess medXcess,,,,,,
Medical platform for Nationwide Hospitals,,,,,,
Full Stack Developer $2k - $4k,No equity,Full Time,,,,
,,,,,,
Roomorama Roomorama,,,,,,
Quality accommodations for the discerning traveler,,,,,,
Junior Ruby Developer $36k - $60k,No equity,Full Time,,,,
,,,,,,
12Go Asia 12Go Asia,,,,,,
Public transport ticketing in South East Asia,,,,,,
Integration engineer (backend) - remote/office in Thailand $15k - $24k,No equity,Full Time,Remote OK,,,
,,,,,,
Infinium Robotics Infinium Robotics,,,,,,
Multiple UAV Coordination - UAV Traffic Management,,,,,,
Software Engineer $50k - $70k,0.5 - 2.0%,Full Time,Remote OK,,,
Senior Robotics Engineer $70k - $100k,0.5 - 2.0%,Full Time,,,,
,,,,,,
LittleLives LittleLives,,,,,,
SaaS for Preschools,,,,,,
Full Stack Web Developer $48k - $72k,No equity,Full Time,,,,
,,,,,,
kyc-chain.com kyc-chain.com,,,,,,
Distributed Ledger technology,,,,,,
Content,Website,Newsletter Social,SEO,Oh My $100k - $200k,15.0 - 20.0%,Full Time
,,,,,,
Video Department Video Department,,,,,,
Apps,Interactive,,,,,
Programmer/ Developer $3k - $4k,No equity,Full Time,,,,